iteration,val_loss
0,0.2672616848920254
1,0.2672616848920254
2,0.2672616848920254
3,0.2672616848920254
4,0.2672616848920254
