iteration,val_loss
0,0.25339112251481793
1,0.25339112251481793
2,0.25339112251481793
3,0.25339112251481793
4,0.25339112251481793
