iteration,val_loss
0,0.30163910224082624
1,0.29523186924609734
2,0.29523186924609734
3,0.29523186924609734
4,0.29523186924609734
