{
    "lr": 0.00867818830087717,
    "batch_size": 64,
    "dropout": 0.21118944124403685,
    "conv1_out": 64,
    "kernel1": 5,
    "conv2_out": 64,
    "kernel2": 3,
    "fc1_out": 128,
    "hidden1": 128,
    "hidden2": 32,
    "optimizer": "sgd"
}